Clase,Precisión,Recall,F1-Score
No cruzar,0.6363636363636364,1.0,0.7777777777777778
Cruzar,1.0,0.5151515151515151,0.68
